A,1,150,vip,1,Batman
A,2,150,vip,1,Batman
A,3,150,vip,1,Batman
A,4,150,vip,1,Batman
A,1,70,standard,1,Batman
A,2,70,standard,1,Batman
A,3,70,standard,1,Batman
A,4,70,standard,1,Batman
A,1,150,vip,1,SpiderMan
A,2,150,vip,1,SpiderMan
A,3,150,vip,1,SpiderMan
A,4,150,vip,1,SpiderMan
A,1,70,standard,1,SpiderMan
A,2,70,standard,1,SpiderMan
A,3,70,standard,1,SpiderMan
A,4,70,standard,1,SpiderMan
A,1,150,vip,1,You
A,2,150,vip,1,You
A,3,150,vip,1,You
A,4,150,vip,1,You
A,1,70,standard,1,You
A,2,70,standard,1,You
A,3,70,standard,1,You
A,4,70,standard,1,You
A,1,150,vip,1,Soul
A,2,150,vip,1,Soul
A,3,150,vip,1,Soul
A,4,150,vip,1,Soul
A,1,70,standard,1,Soul
A,2,70,standard,1,Soul
A,3,70,standard,1,Soul
A,4,70,standard,1,Soul
